{"AL": {"abbrv": "AL", "full": "Alabama", "country": " United States of America", "latitude": 33.2588817, "longitude": -86.8295337}, "Alabama": {"abbrv": "AL", "full": "Alabama", "country": " United States of America", "latitude": 33.2588817, "longitude": -86.8295337}, "AK": {"abbrv": "AK", "full": "Alaska", "country": " United States of America", "latitude": 64.4459613, "longitude": -149.680909}, "Alaska": {"abbrv": "AK", "full": "Alaska", "country": " United States of America", "latitude": 64.4459613, "longitude": -149.680909}, "AZ": {"abbrv": "AZ", "full": "Arizona", "country": " United States of America", "latitude": 34.395342, "longitude": -111.7632755}, "Arizona": {"abbrv": "AZ", "full": "Arizona", "country": " United States of America", "latitude": 34.395342, "longitude": -111.7632755}, "AR": {"abbrv": "AR", "full": "Arkansas", "country": " United States of America", "latitude": 35.2048883, "longitude": -92.4479108}, "Arkansas": {"abbrv": "AR", "full": "Arkansas", "country": " United States of America", "latitude": 35.2048883, "longitude": -92.4479108}, "CA": {"abbrv": "CA", "full": "California", "country": " United States of America", "latitude": 36.7014631, "longitude": -118.7559974}, "California": {"abbrv": "CA", "full": "California", "country": " United States of America", "latitude": 36.7014631, "longitude": -118.7559974}, "CO": {"abbrv": "CO", "full": "Colorado", "country": " United States of America", "latitude": 38.7251776, "longitude": -105.6077167}, "Colorado": {"abbrv": "CO", "full": "Colorado", "country": " United States of America", "latitude": 38.7251776, "longitude": -105.6077167}, "CT": {"abbrv": "CT", "full": "Connecticut", "country": " United States of America", "latitude": 41.6500201, "longitude": -72.7342163}, "Connecticut": {"abbrv": "CT", "full": "Connecticut", "country": " United States of America", "latitude": 41.6500201, "longitude": -72.7342163}, "DE": {"abbrv": "DE", "full": "Delaware", "country": " United States of America", "latitude": 38.6920451, "longitude": -75.4013315}, "Delaware": {"abbrv": "DE", "full": "Delaware", "country": " United States of America", "latitude": 38.6920451, "longitude": -75.4013315}, "FL": {"abbrv": "FL", "full": "Florida", "country": " United States of America", "latitude": 27.7567667, "longitude": -81.4639835}, "Florida": {"abbrv": "FL", "full": "Florida", "country": " United States of America", "latitude": 27.7567667, "longitude": -81.4639835}, "GA": {"abbrv": "GA", "full": "Georgia", "country": " United States of America", "latitude": 32.3293809, "longitude": -83.1137366}, "Georgia": {"abbrv": "GA", "full": "Georgia", "country": " United States of America", "latitude": 32.3293809, "longitude": -83.1137366}, "HI": {"abbrv": "HI", "full": "Hawaii", "country": " United States of America", "latitude": 21.2160437, "longitude": -157.975203}, "Hawaii": {"abbrv": "HI", "full": "Hawaii", "country": " United States of America", "latitude": 21.2160437, "longitude": -157.975203}, "ID": {"abbrv": "ID", "full": "Idaho", "country": " United States of America", "latitude": 43.6447642, "longitude": -114.0154071}, "Idaho": {"abbrv": "ID", "full": "Idaho", "country": " United States of America", "latitude": 43.6447642, "longitude": -114.0154071}, "IL": {"abbrv": "IL", "full": "Illinois", "country": " United States of America", "latitude": 40.0796319, "longitude": -89.4339809}, "Illinois": {"abbrv": "IL", "full": "Illinois", "country": " United States of America", "latitude": 40.0796319, "longitude": -89.4339809}, "IN": {"abbrv": "IN", "full": "Indiana", "country": " United States of America", "latitude": 40.3270127, "longitude": -86.1746933}, "Indiana": {"abbrv": "IN", "full": "Indiana", "country": " United States of America", "latitude": 40.3270127, "longitude": -86.1746933}, "IA": {"abbrv": "IA", "full": "Iowa", "country": " United States of America", "latitude": 41.9216734, "longitude": -93.3122705}, "Iowa": {"abbrv": "IA", "full": "Iowa", "country": " United States of America", "latitude": 41.9216734, "longitude": -93.3122705}, "KS": {"abbrv": "KS", "full": "Kansas", "country": " United States of America", "latitude": 38.27312, "longitude": -98.5821872}, "Kansas": {"abbrv": "KS", "full": "Kansas", "country": " United States of America", "latitude": 38.27312, "longitude": -98.5821872}, "KY": {"abbrv": "KY", "full": "Kentucky", "country": " United States of America", "latitude": 37.5726028, "longitude": -85.1551411}, "Kentucky": {"abbrv": "KY", "full": "Kentucky", "country": " United States of America", "latitude": 37.5726028, "longitude": -85.1551411}, "LA": {"abbrv": "LA", "full": "Louisiana", "country": " United States of America", "latitude": 30.8703881, "longitude": -92.007126}, "Louisiana": {"abbrv": "LA", "full": "Louisiana", "country": " United States of America", "latitude": 30.8703881, "longitude": -92.007126}, "ME": {"abbrv": "ME", "full": "Maine", "country": " United States of America", "latitude": 45.709097, "longitude": -68.8590201}, "Maine": {"abbrv": "ME", "full": "Maine", "country": " United States of America", "latitude": 45.709097, "longitude": -68.8590201}, "MD": {"abbrv": "MD", "full": "Maryland", "country": " United States of America", "latitude": 39.5162234, "longitude": -76.9382069}, "Maryland": {"abbrv": "MD", "full": "Maryland", "country": " United States of America", "latitude": 39.5162234, "longitude": -76.9382069}, "MA": {"abbrv": "MA", "full": "Massachusetts", "country": " United States of America", "latitude": 42.3788774, "longitude": -72.032366}, "Massachusetts": {"abbrv": "MA", "full": "Massachusetts", "country": " United States of America", "latitude": 42.3788774, "longitude": -72.032366}, "MI": {"abbrv": "MI", "full": "Michigan", "country": " United States of America", "latitude": 43.6211955, "longitude": -84.6824346}, "Michigan": {"abbrv": "MI", "full": "Michigan", "country": " United States of America", "latitude": 43.6211955, "longitude": -84.6824346}, "MN": {"abbrv": "MN", "full": "Minnesota", "country": " United States of America", "latitude": 45.9896587, "longitude": -94.6113288}, "Minnesota": {"abbrv": "MN", "full": "Minnesota", "country": " United States of America", "latitude": 45.9896587, "longitude": -94.6113288}, "MS": {"abbrv": "MS", "full": "Mississippi", "country": " United States of America", "latitude": 32.9715645, "longitude": -89.7348497}, "Mississippi": {"abbrv": "MS", "full": "Mississippi", "country": " United States of America", "latitude": 32.9715645, "longitude": -89.7348497}, "MO": {"abbrv": "MO", "full": "Missouri", "country": " United States of America", "latitude": 38.7604815, "longitude": -92.5617875}, "Missouri": {"abbrv": "MO", "full": "Missouri", "country": " United States of America", "latitude": 38.7604815, "longitude": -92.5617875}, "MT": {"abbrv": "MT", "full": "Montana", "country": " United States of America", "latitude": 47.3752671, "longitude": -109.6387579}, "Montana": {"abbrv": "MT", "full": "Montana", "country": " United States of America", "latitude": 47.3752671, "longitude": -109.6387579}, "NE": {"abbrv": "NE", "full": "Nebraska", "country": " United States of America", "latitude": 41.7370229, "longitude": -99.5873816}, "Nebraska": {"abbrv": "NE", "full": "Nebraska", "country": " United States of America", "latitude": 41.7370229, "longitude": -99.5873816}, "NV": {"abbrv": "NV", "full": "Nevada", "country": " United States of America", "latitude": 39.5158825, "longitude": -116.8537227}, "Nevada": {"abbrv": "NV", "full": "Nevada", "country": " United States of America", "latitude": 39.5158825, "longitude": -116.8537227}, "NH": {"abbrv": "NH", "full": "New Hampshire", "country": " United States of America", "latitude": 43.4849133, "longitude": -71.6553992}, "New Hampshire": {"abbrv": "NH", "full": "New Hampshire", "country": " United States of America", "latitude": 43.4849133, "longitude": -71.6553992}, "NJ": {"abbrv": "NJ", "full": "New Jersey", "country": " United States of America", "latitude": 40.0757384, "longitude": -74.4041622}, "New Jersey": {"abbrv": "NJ", "full": "New Jersey", "country": " United States of America", "latitude": 40.0757384, "longitude": -74.4041622}, "NM": {"abbrv": "NM", "full": "New Mexico", "country": " United States of America", "latitude": 34.5708167, "longitude": -105.993007}, "New Mexico": {"abbrv": "NM", "full": "New Mexico", "country": " United States of America", "latitude": 34.5708167, "longitude": -105.993007}, "NY": {"abbrv": "NY", "full": "New York", "country": " United States of America", "latitude": 42.752156, "longitude": -75.607725}, "New York": {"abbrv": "NY", "full": "New York", "country": " United States of America", "latitude": 42.752156, "longitude": -75.607725}, "NC": {"abbrv": "NC", "full": "North Carolina", "country": " United States of America", "latitude": 35.6729639, "longitude": -79.0392919}, "North Carolina": {"abbrv": "NC", "full": "North Carolina", "country": " United States of America", "latitude": 35.6729639, "longitude": -79.0392919}, "ND": {"abbrv": "ND", "full": "North Dakota", "country": " United States of America", "latitude": 47.6201461, "longitude": -100.540737}, "North Dakota": {"abbrv": "ND", "full": "North Dakota", "country": " United States of America", "latitude": 47.6201461, "longitude": -100.540737}, "OH": {"abbrv": "OH", "full": "Ohio", "country": " United States of America", "latitude": 40.2253569, "longitude": -82.6881395}, "Ohio": {"abbrv": "OH", "full": "Ohio", "country": " United States of America", "latitude": 40.2253569, "longitude": -82.6881395}, "OK": {"abbrv": "OK", "full": "Oklahoma", "country": " United States of America", "latitude": 34.9550817, "longitude": -97.2684063}, "Oklahoma": {"abbrv": "OK", "full": "Oklahoma", "country": " United States of America", "latitude": 34.9550817, "longitude": -97.2684063}, "OR": {"abbrv": "OR", "full": "Oregon", "country": " United States of America", "latitude": 43.9792797, "longitude": -120.737257}, "Oregon": {"abbrv": "OR", "full": "Oregon", "country": " United States of America", "latitude": 43.9792797, "longitude": -120.737257}, "PA": {"abbrv": "PA", "full": "Pennsylvania", "country": " United States of America", "latitude": 40.9699889, "longitude": -77.7278831}, "Pennsylvania": {"abbrv": "PA", "full": "Pennsylvania", "country": " United States of America", "latitude": 40.9699889, "longitude": -77.7278831}, "RI": {"abbrv": "RI", "full": "Rhode Island", "country": " United States of America", "latitude": 41.7962409, "longitude": -71.5992372}, "Rhode Island": {"abbrv": "RI", "full": "Rhode Island", "country": " United States of America", "latitude": 41.7962409, "longitude": -71.5992372}, "SC": {"abbrv": "SC", "full": "South Carolina", "country": " United States of America", "latitude": 33.6874388, "longitude": -80.4363743}, "South Carolina": {"abbrv": "SC", "full": "South Carolina", "country": " United States of America", "latitude": 33.6874388, "longitude": -80.4363743}, "SD": {"abbrv": "SD", "full": "South Dakota", "country": " United States of America", "latitude": 44.6471761, "longitude": -100.348761}, "South Dakota": {"abbrv": "SD", "full": "South Dakota", "country": " United States of America", "latitude": 44.6471761, "longitude": -100.348761}, "TN": {"abbrv": "TN", "full": "Tennessee", "country": " United States of America", "latitude": 35.7730076, "longitude": -86.2820081}, "Tennessee": {"abbrv": "TN", "full": "Tennessee", "country": " United States of America", "latitude": 35.7730076, "longitude": -86.2820081}, "TX": {"abbrv": "TX", "full": "Texas", "country": " United States of America", "latitude": 31.8160381, "longitude": -99.5120986}, "Texas": {"abbrv": "TX", "full": "Texas", "country": " United States of America", "latitude": 31.8160381, "longitude": -99.5120986}, "UT": {"abbrv": "UT", "full": "Utah", "country": " United States of America", "latitude": 39.4225192, "longitude": -111.7143584}, "Utah": {"abbrv": "UT", "full": "Utah", "country": " United States of America", "latitude": 39.4225192, "longitude": -111.7143584}, "VT": {"abbrv": "VT", "full": "Vermont", "country": " United States of America", "latitude": 44.5990718, "longitude": -72.5002608}, "Vermont": {"abbrv": "VT", "full": "Vermont", "country": " United States of America", "latitude": 44.5990718, "longitude": -72.5002608}, "VA": {"abbrv": "VA", "full": "Virginia", "country": " United States of America", "latitude": 37.1232245, "longitude": -78.4927721}, "Virginia": {"abbrv": "VA", "full": "Virginia", "country": " United States of America", "latitude": 37.1232245, "longitude": -78.4927721}, "WA": {"abbrv": "WA", "full": "Washington", "country": " United States of America", "latitude": 47.285015, "longitude": -120.211993}, "Washington": {"abbrv": "WA", "full": "Washington", "country": " United States of America", "latitude": 47.285015, "longitude": -120.211993}, "WV": {"abbrv": "WV", "full": "West Virginia", "country": " United States of America", "latitude": 38.4758406, "longitude": -80.8408415}, "West Virginia": {"abbrv": "WV", "full": "West Virginia", "country": " United States of America", "latitude": 38.4758406, "longitude": -80.8408415}, "WI": {"abbrv": "WI", "full": "Wisconsin", "country": " United States of America", "latitude": 44.4308975, "longitude": -89.6884637}, "Wisconsin": {"abbrv": "WI", "full": "Wisconsin", "country": " United States of America", "latitude": 44.4308975, "longitude": -89.6884637}, "WY": {"abbrv": "WY", "full": "Wyoming", "country": " United States of America", "latitude": 43.1700264, "longitude": -107.5685348}, "Wyoming": {"abbrv": "WY", "full": "Wyoming", "country": " United States of America", "latitude": 43.1700264, "longitude": -107.5685348}, "DC": {"abbrv": "DC", "full": "District of Columbia", "country": " United States of America", "latitude": 38.8949549, "longitude": -77.0366456}, "District of Columbia": {"abbrv": "DC", "full": "District of Columbia", "country": " United States of America", "latitude": 38.8949549, "longitude": -77.0366456}, "PR": {"abbrv": "PR", "full": "Puerto Rico", "country": " United States of America", "latitude": 18.22141715, "longitude": -66.4132818505648}, "Puerto Rico": {"abbrv": "PR", "full": "Puerto Rico", "country": " United States of America", "latitude": 18.22141715, "longitude": -66.4132818505648}, "GU": {"abbrv": "GU", "full": "Guam", "country": " United States of America", "latitude": 13.444138, "longitude": 144.733626445767}, "Guam": {"abbrv": "GU", "full": "Guam", "country": " United States of America", "latitude": 13.444138, "longitude": 144.733626445767}, "AS": {"abbrv": "AS", "full": "American Samoa", "country": " United States of America", "latitude": -14.30063095, "longitude": -170.695974791655}, "American Samoa": {"abbrv": "AS", "full": "American Samoa", "country": " United States of America", "latitude": -14.30063095, "longitude": -170.695974791655}, "VI": {"abbrv": "VI", "full": "U.S. Virgin Islands", "country": " United States of America", "latitude": 17.789187, "longitude": -64.7080574}, "U.S. Virgin Islands": {"abbrv": "VI", "full": "U.S. Virgin Islands", "country": " United States of America", "latitude": 17.789187, "longitude": -64.7080574}, "MP": {"abbrv": "MP", "full": "Northern Mariana Islands", "country": " United States of America", "latitude": 14.1490205, "longitude": 145.213452483189}, "Northern Mariana Islands": {"abbrv": "MP", "full": "Northern Mariana Islands", "country": " United States of America", "latitude": 14.1490205, "longitude": 145.213452483189}, "ON": {"abbrv": "ON", "full": "Ontario", "country": " Canada", "latitude": 50.000678, "longitude": -86.000977}, "Ontario": {"abbrv": "ON", "full": "Ontario", "country": " Canada", "latitude": 50.000678, "longitude": -86.000977}}